LEI_Code,Period,CET1_capital,RWA,total_assets,Name,Country,CET1_ratio
0W2PZJM8XOY22M4GG883,2024-09-01,5667.38693617,30769.68617154,94984.87649245,DekaBank Deutsche Girozentrale,DE,18.418734934683773
0W2PZJM8XOY22M4GG883,2024-12-01,6103.54143646,30814.45360967,92935.12424144,DekaBank Deutsche Girozentrale,DE,19.807397897669116
0W2PZJM8XOY22M4GG883,2025-03-01,6193.37130057,28815.09068618,94158.3147836,DekaBank Deutsche Girozentrale,DE,21.493499250170334
0W2PZJM8XOY22M4GG883,2025-06-01,6102.37281472,28965.35749421,96079.97843525,DekaBank Deutsche Girozentrale,DE,21.067831860662615
2138008AVF4W7FMW8W87,2024-09-01,954.745084316523,4975.64690948133,18596.1117166804,CEC BANK SA,RO,19.188360864136303
2138008AVF4W7FMW8W87,2024-12-01,1122.63708178236,5266.91125555022,19985.8020213899,CEC BANK SA,RO,21.314904073983325
2138008AVF4W7FMW8W87,2025-03-01,1099.06894637439,5269.9362335299,19949.9424164674,CEC BANK SA,RO,20.85545057227786
2138008AVF4W7FMW8W87,2025-06-01,1300.55674726789,5426.02273299826,19594.3948884513,CEC BANK SA,RO,23.96887759718693
2138009Y59EAR7H1UO97,2024-09-01,494.82158012,2466.90306229,4943.98366544,"Akciju sabiedrība ""Citadele banka""",LV,20.058412009941826
2138009Y59EAR7H1UO97,2024-12-01,506.12126148,2644.19912573,5074.01407640999,"Akciju sabiedrība ""Citadele banka""",LV,19.140814946766614
2138009Y59EAR7H1UO97,2025-03-01,507.48574222,2568.36502775,4942.46024879,"Akciju sabiedrība ""Citadele banka""",LV,19.75909719751089
2138009Y59EAR7H1UO97,2025-06-01,528.79346155,2608.02961657,5032.17057082,"Akciju sabiedrība ""Citadele banka""",LV,20.275592661614507
213800DBQIB6VBNU5C64,2024-09-01,4741.71737463261,31231.5586172111,73501.007852,Alpha Bank S.A.,GR,15.182455133761854
213800DBQIB6VBNU5C64,2024-12-01,4921.19190488436,30279.0939125782,70908.498903,Alpha Bank S.A.,GR,16.25277136460168
213800DBQIB6VBNU5C64,2025-03-01,4933.85299057,30398.91033484,71992.053259,Alpha Bank S.A.,GR,16.230361339351504
213800DBQIB6VBNU5C64,2025-06-01,4920.87370008999,30604.47889941,72269.488872,Alpha Bank S.A.,GR,16.078933140027605
213800HDJ876ACJXXD05,2024-09-01,1058.41848,5986.0465661,8515.51542036,AIKGROUP (CY) LIMITED,SI,17.681427438169358
213800HDJ876ACJXXD05,2024-12-01,1062.27532013,6108.54194758,8893.23120116,AIKGROUP (CY) LIMITED,SI,17.389997960983766
213800HDJ876ACJXXD05,2025-03-01,1146.19974924,6062.6647394,8568.99074649,AIKGROUP (CY) LIMITED,SI,18.905873877390675
213800HDJ876ACJXXD05,2025-06-01,1149.06242268,6868.04857957,9795.48457334,AIKGROUP (CY) LIMITED,SI,16.730551762520314
213800TC9PZRBHMJW403,2024-09-01,212.06289797,1316.96824396,5135.64828953,MDB Group Limited,MT,16.102354703128356
213800TC9PZRBHMJW403,2024-12-01,218.48657814,1329.1996672,5073.465,MDB Group Limited,MT,16.43745356935341
213800TC9PZRBHMJW403,2025-03-01,212.93002514,1195.56457908,5081.24008,MDB Group Limited,MT,17.809997792327703
213800TC9PZRBHMJW403,2025-06-01,214.33523446,1261.3884398,5118.91713805,MDB Group Limited,MT,16.992008781528394
213800X3Q9LSAKRUWY91,2024-09-01,16985.201494,116822.4279342,320227.255388,KBC Groupe,BE,14.53933272433516
213800X3Q9LSAKRUWY91,2024-12-01,17971.687051,119944.94132041,339314.078098,KBC Groupe,BE,14.983280539520273
213800X3Q9LSAKRUWY91,2025-03-01,17936.709181,123005.280639062,346461.244442,KBC Groupe,BE,14.582064353507073
213800X3Q9LSAKRUWY91,2025-06-01,18138.085284,124314.856915678,356505.446981,KBC Groupe,BE,14.59044054268023
222100K6QL2V4MLHWQ08,2024-09-01,3324.14822475,21174.39186671,45748.9856399999,LSF NANI INVESTMENTS S.A R.L.,PT,15.698907650689916
222100K6QL2V4MLHWQ08,2024-12-01,3453.56426664,21250.39794315,42492.05661252,LSF NANI INVESTMENTS S.A R.L.,PT,16.251762794650375
222100K6QL2V4MLHWQ08,2025-03-01,3379.32581767,21013.80219134,43801.79035168,LSF NANI INVESTMENTS S.A R.L.,PT,16.081458209703023
222100K6QL2V4MLHWQ08,2025-06-01,3171.28689187,21160.42036063,44528.16089267,LSF NANI INVESTMENTS S.A R.L.,PT,14.986880401347486
254900RNFMDM0P11YR84,2024-09-01,2469.07165854,14782.54541907,45868.00908592,ATLANTIC LUX HOLDCO S.A R.L.,DE,16.7026150675973
254900RNFMDM0P11YR84,2024-12-01,2892.481437,14268.20670036,47932.90169703,ATLANTIC LUX HOLDCO S.A R.L.,DE,20.272214285534705
254900RNFMDM0P11YR84,2025-03-01,2797.03857112,13605.28856655,46281.97862433,ATLANTIC LUX HOLDCO S.A R.L.,DE,20.558465610180495
254900RNFMDM0P11YR84,2025-06-01,2920.53859377,13313.4275952,47507.80604836,ATLANTIC LUX HOLDCO S.A R.L.,DE,21.936789552398707
2G5BKIC2CB69PRJH1W31,2024-09-01,5995.52772843414,38786.7466784454,,Barclays Bank Ireland plc,IE,15.457671090950194
2G5BKIC2CB69PRJH1W31,2024-12-01,6146.34060909799,38406.6091665231,,Barclays Bank Ireland plc,IE,16.003340941786163
2G5BKIC2CB69PRJH1W31,2025-03-01,6030.0712603408,34179.5490692137,,Barclays Bank Ireland plc,IE,17.642337083294706
2G5BKIC2CB69PRJH1W31,2025-06-01,6154.92617381309,35126.1613810315,,Barclays Bank Ireland plc,IE,17.522342128556108
2W8N8UU78PMDQKZENC08,2024-09-01,40555.201277,297424.899316,775150.75842,Intesa Sanpaolo S.p.A.,IT,13.635442550461116
2W8N8UU78PMDQKZENC08,2024-12-01,39306.7941819999,296365.843434,759211.96936,Intesa Sanpaolo S.p.A.,IT,13.262929940424609
2W8N8UU78PMDQKZENC08,2025-03-01,39633.856668,304636.27976,765173.117549,Intesa Sanpaolo S.p.A.,IT,13.010222124306578
2W8N8UU78PMDQKZENC08,2025-06-01,40017.995909,308507.602135,770518.393645,Intesa Sanpaolo S.p.A.,IT,12.971478055016778
391200EEGLNXBBCVKC73,2024-09-01,3842.89955145,17873.36604732,57775.108,Erwerbsgesellschaft der S-Finanzgruppe mbH & Co. KG,DE,21.500704127447886
391200EEGLNXBBCVKC73,2024-12-01,3948.45580859,14528.4871326,45750.802,Erwerbsgesellschaft der S-Finanzgruppe mbH & Co. KG,DE,27.17733630867999
391200EEGLNXBBCVKC73,2025-03-01,3955.089739,15594.2062057,47914.93620446,Erwerbsgesellschaft der S-Finanzgruppe mbH & Co. KG,DE,25.362558932652394
391200EEGLNXBBCVKC73,2025-06-01,3949.53047051,16081.46435709,46912.89190614,Erwerbsgesellschaft der S-Finanzgruppe mbH & Co. KG,DE,24.559520095996294
3H0Q3U74FVFED2SHZT16,2024-09-01,2528.31590019149,13169.6235551275,31390.695390395,MBH bankcsoport,HU,19.198087854281212
3H0Q3U74FVFED2SHZT16,2024-12-01,2443.07296395526,13429.0797161006,30951.7329878473,MBH bankcsoport,HU,18.19240793563965
3H0Q3U74FVFED2SHZT16,2025-03-01,2334.09815660494,12599.14034723,32444.3274596172,MBH bankcsoport,HU,18.52585249689758
3H0Q3U74FVFED2SHZT16,2025-06-01,2388.71880555777,13021.148034012,31704.6307068284,MBH bankcsoport,HU,18.344917048161165
3M5E1GQGKL17HI6CPN30,2024-09-01,5277.45293365611,30693.4421360394,102622.854245592,Jyske Bank A/S,DK,17.19407328205613
3M5E1GQGKL17HI6CPN30,2024-12-01,5427.07359213172,30775.657798466,100592.632347088,Jyske Bank A/S,DK,17.63430574797407
3M5E1GQGKL17HI6CPN30,2025-03-01,5167.58591626526,32868.3663877112,104854.356808927,Jyske Bank A/S,DK,15.722064964559094
3M5E1GQGKL17HI6CPN30,2025-06-01,5206.97062206704,32017.9906420096,102776.303053009,Jyske Bank A/S,DK,16.26264021463973
485100FX5Y9YLAQLNP12,2024-09-01,804.555,2733.411,16614.187,Revolut Holdings Europe UAB,LT,29.434102665131583
485100FX5Y9YLAQLNP12,2024-12-01,881.569,2851.138,20341.0,Revolut Holdings Europe UAB,LT,30.91989935246908
485100FX5Y9YLAQLNP12,2025-03-01,1295.178672,4004.495554,23919.6469999957,Revolut Holdings Europe UAB,LT,32.343116743038344
485100FX5Y9YLAQLNP12,2025-06-01,1297.155363,4141.118223,27385.3809992426,Revolut Holdings Europe UAB,LT,31.323794519932495
5299007QVIQ7IO64NX37,2024-09-01,2701.17437081999,12656.71165017,46722.51148598,UBS Europe SE,DE,21.341833846579803
5299007QVIQ7IO64NX37,2024-12-01,3239.21504262,14079.43054708,55343.58380764,UBS Europe SE,DE,23.006719141008126
5299007QVIQ7IO64NX37,2025-03-01,3423.62949628,14387.00630777,54463.33826556,UBS Europe SE,DE,23.79667752304382
5299007QVIQ7IO64NX37,2025-06-01,2995.24010998,14625.21781073,61062.88870446,UBS Europe SE,DE,20.4799692472443
5299007S3UH5RKUYDA52,2024-09-01,2835.76199132,16354.36758548,,DEUTSCHE APOTHEKER- UND ÄRZTEBANK EG,DE,17.339478133276717
5299007S3UH5RKUYDA52,2024-12-01,2777.56282975,16251.04435247,,DEUTSCHE APOTHEKER- UND ÄRZTEBANK EG,DE,17.091595896899005
5299007S3UH5RKUYDA52,2025-03-01,2845.81840895,14278.15758396,,DEUTSCHE APOTHEKER- UND ÄRZTEBANK EG,DE,19.931271890057975
5299007S3UH5RKUYDA52,2025-06-01,2997.79413298,14531.593379,,DEUTSCHE APOTHEKER- UND ÄRZTEBANK EG,DE,20.62949364735318
529900GGYMNGRQTDOO93,2024-12-01,4139.93799905,10294.44470968,127941.42566591,BNG Bank N.V.,NL,40.21526285101287
529900GGYMNGRQTDOO93,2025-06-01,4303.13918284,10743.63108205,132223.99305378,BNG Bank N.V.,NL,40.05293135976626
529900GM944JT8YIRL63,2024-09-01,1786.04135012,11237.1369943,,Münchener Hypothekenbank eG,DE,15.8940960764825
529900GM944JT8YIRL63,2024-12-01,1864.18701396,11162.27949325,,Münchener Hypothekenbank eG,DE,16.70077348526618
529900GM944JT8YIRL63,2025-03-01,1870.776392,9644.68526753,,Münchener Hypothekenbank eG,DE,19.39696672423511
529900GM944JT8YIRL63,2025-06-01,1843.99555424,9767.15739889,,Münchener Hypothekenbank eG,DE,18.879551940563207
529900HEKOENJHPNN480,2024-09-01,1594.8292299,1529.43600747,53418.80809051,Kuntarahoitus Oyj,FI,104.27564292396735
529900HEKOENJHPNN480,2024-12-01,1646.12929919,1528.3070431,53091.81762742,Kuntarahoitus Oyj,FI,107.70933148688569
529900HEKOENJHPNN480,2025-03-01,1616.87663988,1688.90136509,55164.53715842,Kuntarahoitus Oyj,FI,95.7354096160517
529900HEKOENJHPNN480,2025-06-01,1653.97319417,1850.6297572,55175.17811006,Kuntarahoitus Oyj,FI,89.37353286010374
529900HNOAA1KXQJUQ27,2024-09-01,25220.35856914,159277.87293252,552375.16277299,"DZ BANK AG Deutsche Zentral-Genossenschaftsbank, Frankfurt am Main",DE,15.834188456186196
529900HNOAA1KXQJUQ27,2024-12-01,25662.81796185,162588.15660594,543008.48124507,"DZ BANK AG Deutsche Zentral-Genossenschaftsbank, Frankfurt am Main",DE,15.783940538823007
529900HNOAA1KXQJUQ27,2025-03-01,25822.5227563,150085.40095745,555652.3963776,"DZ BANK AG Deutsche Zentral-Genossenschaftsbank, Frankfurt am Main",DE,17.205219556045176
529900HNOAA1KXQJUQ27,2025-06-01,27089.12483895,151528.91162481,550605.05095128,"DZ BANK AG Deutsche Zentral-Genossenschaftsbank, Frankfurt am Main",DE,17.877198845078134
529900JG015JC10LED24,2024-09-01,560.05447924,3023.96195511,7813.10051331,AS LHV Group,EE,18.5205530874355
529900JG015JC10LED24,2024-12-01,599.95707032,3309.216844245,8725.19066001,AS LHV Group,EE,18.12988083157423
529900JG015JC10LED24,2025-03-01,607.58526619,3394.435325944,8498.06397884,AS LHV Group,EE,17.899450360599495
529900JG015JC10LED24,2025-06-01,643.1524727,3489.889271948,9373.97036497,AS LHV Group,EE,18.429022315112096
529900JZTYE3W7WQH904,2024-09-01,4897.51051959999,27901.89555358,57144.61305238,HASPA Finanzholding,DE,17.552608603939838
529900JZTYE3W7WQH904,2024-12-01,4886.58660142,27665.20585609,57964.29463584,HASPA Finanzholding,DE,17.66329383861897
529900JZTYE3W7WQH904,2025-03-01,5125.26282951,28206.00059624,58048.77715812,HASPA Finanzholding,DE,18.170824367752523
529900JZTYE3W7WQH904,2025-06-01,5131.74381151,28504.26055868,57845.20317157,HASPA Finanzholding,DE,18.003427245360708
529900ODI3047E2LIV03,2024-09-01,23935.1464337588,153691.326345961,533147.72961005,Nordea Bank Abp,FI,15.57351803958052
529900ODI3047E2LIV03,2024-12-01,24569.5084300306,155850.201831586,536618.53349107,Nordea Bank Abp,FI,15.764822978272926
529900ODI3047E2LIV03,2025-03-01,24631.5657193675,159684.853978375,555029.79482362,Nordea Bank Abp,FI,15.425110839067543
529900ODI3047E2LIV03,2025-06-01,23964.9448320754,158575.524065794,546907.59171511,Nordea Bank Abp,FI,15.112637951700664
529900OE1FOAM50XLP72,2024-09-01,1946.76711680126,10036.0289358252,28390.9262698485,Liechtensteinische Landesbank AG,LI,19.397783020054533
529900OE1FOAM50XLP72,2024-12-01,1901.35215091678,10576.6774944992,29506.016737994,Liechtensteinische Landesbank AG,LI,17.976837734776822
529900OE1FOAM50XLP72,2025-06-01,1982.4649677367,10757.1126123523,30112.6059669947,Liechtensteinische Landesbank AG,LI,18.429341024656118
529900RWC8ZYB066JF16,2024-09-01,1180.71528467,5241.99162179,14499.58,Bank of Valletta Plc,MT,22.52417344129248
529900RWC8ZYB066JF16,2024-12-01,1234.46071198,5467.99694683,15099.099,Bank of Valletta Plc,MT,22.576104631800547
529900RWC8ZYB066JF16,2025-03-01,1227.96004521,5601.35187086,15648.343,Bank of Valletta Plc,MT,21.922565722004283
529900RWC8ZYB066JF16,2025-06-01,1275.21680982,5740.29320813,15910.939,Bank of Valletta Plc,MT,22.21518594231224
529900S1KHKOEQL5CK20,2024-09-01,1271.54913996,7453.75684209,,Wüstenrot Bausparkasse Aktiengesellschaft,DE,17.0591711924354
529900S1KHKOEQL5CK20,2024-12-01,1323.63715269,7610.6529339,,Wüstenrot Bausparkasse Aktiengesellschaft,DE,17.391900066736007
529900S1KHKOEQL5CK20,2025-03-01,1249.00638584,7636.97562758,,Wüstenrot Bausparkasse Aktiengesellschaft,DE,16.35472530944536
529900S1KHKOEQL5CK20,2025-06-01,1239.18824869,7511.97081085,,Wüstenrot Bausparkasse Aktiengesellschaft,DE,16.496180295324955
529900S9YO2JHTIIDG38,2024-09-01,2773.31141534,17865.59413192,55738.127122,BAWAG Group AG,AT,15.523197240807098
529900S9YO2JHTIIDG38,2024-12-01,2971.99024246,20626.89896121,71346.2736935,BAWAG Group AG,AT,14.408323073909404
529900S9YO2JHTIIDG38,2025-03-01,2926.39553137,23275.31323921,73060.75006098,BAWAG Group AG,AT,12.572958745148668
529900S9YO2JHTIIDG38,2025-06-01,2949.5639291,23505.4420687,72765.13813337,BAWAG Group AG,AT,12.548429935838811
529900SSGT49ZZSWYE62,2024-09-01,27703.46818296,166512.07126741,206334.63836996,Volkswagen Financial Services AG,DE,16.637513407943636
529900SSGT49ZZSWYE62,2024-12-01,29904.90084067,164779.492206359,199862.6185191,Volkswagen Financial Services AG,DE,18.148436094959603
529900SSGT49ZZSWYE62,2025-03-01,30475.41674553,178928.18496674,197055.20119837,Volkswagen Financial Services AG,DE,17.03220582670914
529900SSGT49ZZSWYE62,2025-06-01,30425.64011003,181918.22563892,203659.32221377,Volkswagen Financial Services AG,DE,16.724899334946386
529900SXEWPJ1MRRX537,2024-09-01,2975.58142002,14610.63466994,33582.54089221,Raiffeisen-Holding Niederösterreich-Wien,AT,20.365860123393393
529900SXEWPJ1MRRX537,2024-12-01,3377.28559476,14981.88165963,34706.1908123,Raiffeisen-Holding Niederösterreich-Wien,AT,22.542466103309263
529900SXEWPJ1MRRX537,2025-03-01,3516.94990318,15564.99788219,34077.43320725,Raiffeisen-Holding Niederösterreich-Wien,AT,22.59524819598089
529900SXEWPJ1MRRX537,2025-06-01,3776.37100714,16047.77029423,35247.13769061,Raiffeisen-Holding Niederösterreich-Wien,AT,23.532060453892463
529900V3O1M5IHMOSF46,2024-09-01,4718.3348809,11221.86807156,49235.46199004,State Street Europe Holdings Germany S.a.r.l. & Co. KG,DE,42.045895129152804
529900V3O1M5IHMOSF46,2024-12-01,4716.41682039,12522.94638655,48908.29833147,State Street Europe Holdings Germany S.a.r.l. & Co. KG,DE,37.66219765546202
529900V3O1M5IHMOSF46,2025-03-01,4717.5037809,12746.27725399,53006.21050467,State Street Europe Holdings Germany S.a.r.l. & Co. KG,DE,37.01083608096841
529900V3O1M5IHMOSF46,2025-06-01,5184.40349947,12754.82869809,55400.52916777,State Street Europe Holdings Germany S.a.r.l. & Co. KG,DE,40.646594495199686
529900W3MOO00A18X956,2024-09-01,11687.8426190233,61192.789877953,105057.622818673,OTP-csoport,HU,19.100032278858862
529900W3MOO00A18X956,2024-12-01,11773.3759335286,62177.6490399635,105810.157679951,OTP-csoport,HU,18.93506125643555
529900W3MOO00A18X956,2025-03-01,12075.3217234621,67124.8032671728,110426.454822783,OTP-csoport,HU,17.98935882970029
529900W3MOO00A18X956,2025-06-01,12276.1131386043,68282.8893498774,111302.008938691,OTP-csoport,HU,17.978315293165522
529900XSTAE561178282,2024-09-01,4924.82362025,30917.36993954,48208.20248134,Raiffeisenbankengruppe OÖ Verbund eGen,AT,15.928986294373246
529900XSTAE561178282,2024-12-01,5109.17484806,28885.89488577,49080.95024227,Raiffeisenbankengruppe OÖ Verbund eGen,AT,17.687438344092715
529900XSTAE561178282,2025-03-01,5276.29892403,30112.07217497,48140.62226858,Raiffeisenbankengruppe OÖ Verbund eGen,AT,17.522204693756706
529900XSTAE561178282,2025-06-01,5617.53944887,30357.24635159,48461.1409869899,Raiffeisenbankengruppe OÖ Verbund eGen,AT,18.504772744566715
5493000LKS7B3UTF7H35,2024-09-01,5870.58327685332,37725.2059434888,75829.7364707394,Bank Polska Kasa Opieki S.A.,PL,15.561434669560912
5493000LKS7B3UTF7H35,2024-12-01,6056.01672210526,39051.7475953216,78197.7541992982,Bank Polska Kasa Opieki S.A.,PL,15.507671474427873
5493000LKS7B3UTF7H35,2025-03-01,6172.80687476099,38034.0423424952,79677.4709481357,Bank Polska Kasa Opieki S.A.,PL,16.229689232543524
5493000LKS7B3UTF7H35,2025-06-01,6290.0908087594,38962.1389069608,80080.3479287179,Bank Polska Kasa Opieki S.A.,PL,16.14411062950048
5493001BABFV7P27OW30,2024-09-01,2535.289,17064.027,27242.074,"Nova Ljubljanska Banka d.d., Ljubljana",SI,14.857506964797937
5493001BABFV7P27OW30,2024-12-01,2785.818,18216.105,28035.353,"Nova Ljubljanska Banka d.d., Ljubljana",SI,15.293159542064567
5493001BABFV7P27OW30,2025-03-01,2788.768,18124.929,28677.203,"Nova Ljubljanska Banka d.d., Ljubljana",SI,15.386366479008002
5493001BABFV7P27OW30,2025-06-01,2802.766,18608.244,29570.817,"Nova Ljubljanska Banka d.d., Ljubljana",SI,15.061958559872712
54930056IRBXK0Q1FP96,2024-09-01,4816.091808,37714.626818,80671.572,"Abanca Corporacion Bancaria, S.A.",ES,12.769824904382807
54930056IRBXK0Q1FP96,2024-12-01,4965.649238,38707.621385,81921.2259999999,"Abanca Corporacion Bancaria, S.A.",ES,12.828608579715755
54930056IRBXK0Q1FP96,2025-03-01,5046.64343399999,38314.204302,82219.849,"Abanca Corporacion Bancaria, S.A.",ES,13.171729717316758
54930056IRBXK0Q1FP96,2025-06-01,5110.141633,38640.253231,81974.001,"Abanca Corporacion Bancaria, S.A.",ES,13.224917555406378
5493006QMFDDMYWIAM13,2024-09-01,78151.272498,626099.09080613,1785774.272,"Banco Santander, S.A.",ES,12.482252992473896
5493006QMFDDMYWIAM13,2024-12-01,79799.807858,624503.04112415,1820285.051,"Banco Santander, S.A.",ES,12.778129585142556
5493006QMFDDMYWIAM13,2025-03-01,82163.2794319999,639124.29824663,1827842.266,"Banco Santander, S.A.",ES,12.85560252636399
5493006QMFDDMYWIAM13,2025-06-01,81252.906825,625750.26763223,1797909.92,"Banco Santander, S.A.",ES,12.984877678510957
5493007SJLLCTM6J6M37,2024-09-01,4528.23942379999,29347.0274624,93128.679,"Unicaja Banco, S.A.",ES,15.42997644174239
5493007SJLLCTM6J6M37,2024-12-01,4373.6097869,28893.739226,96928.224,"Unicaja Banco, S.A.",ES,15.136877067695037
5493007SJLLCTM6J6M37,2025-03-01,4434.5210004,28615.3884494,96280.515,"Unicaja Banco, S.A.",ES,15.496979914291472
5493007SJLLCTM6J6M37,2025-06-01,4591.1808587,28736.652,95150.416,"Unicaja Banco, S.A.",ES,15.976742380079628
5493008QOCP58OLEN998,2024-09-01,2873.21692691485,10650.7087129091,54704.78672198,Investeringsmaatschappij Argenta,BE,26.976767503108896
5493008QOCP58OLEN998,2024-12-01,3043.2216310874,10811.6197036645,56154.77041518,Investeringsmaatschappij Argenta,BE,28.147694004219627
5493008QOCP58OLEN998,2025-03-01,3014.90682296333,10136.7708427937,57531.80412375,Investeringsmaatschappij Argenta,BE,29.74228055186478
5493008QOCP58OLEN998,2025-06-01,3078.53836698484,10489.954966485,59468.99203409,Investeringsmaatschappij Argenta,BE,29.347488876936566
5493009EIBTCB1X12G89,2024-09-01,5334.17859011547,28633.1389520899,63652.3795998408,LGT Group Foundation,LI,18.629388133242493
5493009EIBTCB1X12G89,2024-12-01,5184.54967537186,28534.9003883331,65122.6065797326,LGT Group Foundation,LI,18.169152878808145
5493009EIBTCB1X12G89,2025-06-01,5192.59668524801,28075.0988799355,61966.3609230137,LGT Group Foundation,LI,18.495381645686795
549300C6TUMDXNOVXS82,2024-09-01,1819.61949060884,11810.7439098292,42957.9361061946,Länsförsäkringar Bank AB - gruppen,SE,15.40647654797177
549300C6TUMDXNOVXS82,2024-12-01,1789.23434048171,11699.3708115987,43308.0612618902,Länsförsäkringar Bank AB - gruppen,SE,15.293423631874903
549300C6TUMDXNOVXS82,2025-03-01,1921.76657758964,12723.5939542344,45821.636187667,Länsförsäkringar Bank AB - gruppen,SE,15.103960284350931
549300C6TUMDXNOVXS82,2025-06-01,1880.54263653433,12516.3478392652,46579.8992508859,Länsförsäkringar Bank AB - gruppen,SE,15.024691393082373
549300C9KPZR0VZ16R05,2024-09-01,6221.664674,32242.919369,100372.329998289,Morgan Stanley Europe Holding SE,DE,19.296220056245367
549300C9KPZR0VZ16R05,2024-12-01,6357.535419,28719.711273,97445.40723502,Morgan Stanley Europe Holding SE,DE,22.136487928333914
549300C9KPZR0VZ16R05,2025-03-01,6329.03721,32130.981346,106713.534876969,Morgan Stanley Europe Holding SE,DE,19.697615649663017
549300C9KPZR0VZ16R05,2025-06-01,6290.777414,34950.14768,110484.43948599,Morgan Stanley Europe Holding SE,DE,17.999287074829322
549300DYPOFMXOR7XM56,2024-09-01,2269.0811285126,8783.70387261876,56923.8069231,Crelan,BE,25.832850941001723
549300DYPOFMXOR7XM56,2024-12-01,2449.523482243,9078.16337388522,55802.96173406,Crelan,BE,26.982588673050806
549300DYPOFMXOR7XM56,2025-03-01,2477.8522910081,11298.0812881608,56266.1672122,Crelan,BE,21.931620315076227
549300DYPOFMXOR7XM56,2025-06-01,2528.6219895757,11337.6595123883,56670.90680447,Crelan,BE,22.302857012179235
549300FH0WJAPEHTIQ77,2024-09-01,7745.66918349054,38193.645925311,,BofA Securities Europe SA,FR,20.279994213271664
549300FH0WJAPEHTIQ77,2024-12-01,9192.955458721,40021.2780100265,,BofA Securities Europe SA,FR,22.970169659294477
549300FH0WJAPEHTIQ77,2025-03-01,9190.26683667884,40879.5319701747,,BofA Securities Europe SA,FR,22.481340645934907
549300FH0WJAPEHTIQ77,2025-06-01,9184.84491234648,43401.606069063,,BofA Securities Europe SA,FR,21.162453983226
549300GKFG0RYRRQ1414,2024-09-01,17959.6532941476,94344.8499017383,297166.100388541,DNB BANK ASA,NO,19.036177717016745
549300GKFG0RYRRQ1414,2024-12-01,18417.9983780415,95051.3351729546,276393.428662484,DNB BANK ASA,NO,19.376896015745874
549300GKFG0RYRRQ1414,2025-06-01,17494.759962905,95442.7715351726,292627.763023786,DNB BANK ASA,NO,18.330104712495512
549300HFEHJOXGE4ZE63,2024-09-01,1454.22565786999,3435.71217712,70637.08279696,SFIL S.A.,FR,42.326760301819014
549300HFEHJOXGE4ZE63,2024-12-01,1431.00544705,3392.29933979,71868.61764749,SFIL S.A.,FR,42.18393790503718
549300HFEHJOXGE4ZE63,2025-03-01,1447.55007843,3266.09901597,72937.01842944,SFIL S.A.,FR,44.32045909667841
549300HFEHJOXGE4ZE63,2025-06-01,1457.43810437,3348.59355033,73305.8049713,SFIL S.A.,FR,43.5238879387548
549300L7YCATGO57ZE10,2024-09-01,1278.757869,4686.150199,33415.562195,FINECOBANK S.P.A.,IT,27.288025664923847
549300L7YCATGO57ZE10,2024-12-01,1311.916557,5064.223637,34688.815349,FINECOBANK S.P.A.,IT,25.905581013739898
549300L7YCATGO57ZE10,2025-03-01,1341.37003699999,5590.725587,34420.65656,FINECOBANK S.P.A.,IT,23.992771888483496
549300L7YCATGO57ZE10,2025-06-01,1362.02518,5805.480683,35359.175576,FINECOBANK S.P.A.,IT,23.46102337379873
549300NYKK9MWM7GGW15,2024-09-01,46824.4753216,328457.89458517,1049469.724,ING Groep N.V.,NL,14.25585321392185
549300NYKK9MWM7GGW15,2024-12-01,45259.9311321299,333707.51707618,1020545.102,ING Groep N.V.,NL,13.562754452965406
549300NYKK9MWM7GGW15,2025-03-01,46020.77195957,337218.71821637,1078903.822,ING Groep N.V.,NL,13.647158201355133
549300NYKK9MWM7GGW15,2025-06-01,44534.03239615,335803.77875556,1086759.756,ING Groep N.V.,NL,13.261921161574374
549300OLBL49CW8CT155,2024-09-01,2514.092,18809.436,45320.6449999999,"Ibercaja Banco, S.A.",ES,13.366121131968017
549300OLBL49CW8CT155,2024-12-01,2555.331,19098.038,45591.126,"Ibercaja Banco, S.A.",ES,13.380070769573294
549300OLBL49CW8CT155,2025-03-01,2589.041,18192.578,45426.843,"Ibercaja Banco, S.A.",ES,14.231303556868081
549300OLBL49CW8CT155,2025-06-01,2644.373,18547.292,46893.066,"Ibercaja Banco, S.A.",ES,14.257461412695719
549300Q3OIWRHQUQM052,2024-09-01,2324.72846163203,13095.918918866,33810.6566098006,SpareBank 1 Sør-Norge,NO,17.751548982813436
549300Q3OIWRHQUQM052,2024-12-01,3221.78171541924,17884.6765225095,45445.8151046206,SpareBank 1 Sør-Norge,NO,18.01420177415193
549300Q3OIWRHQUQM052,2025-06-01,3348.1863142507,17972.5346241074,47974.9537778528,SpareBank 1 Sør-Norge,NO,18.629460920662915
549300RG3H390KEL8896,2024-09-01,3144.27221519632,16075.4414431723,40241.1752037063,Banca Transilvania,RO,19.559476648349104
549300RG3H390KEL8896,2024-12-01,3358.83038958496,17663.8526220602,41632.1554628792,Banca Transilvania,RO,19.015276346849454
549300RG3H390KEL8896,2025-03-01,3181.67929463048,18052.2004796192,41565.6031873982,Banca Transilvania,RO,17.624883449652422
549300RG3H390KEL8896,2025-06-01,3439.50386440891,18457.5130533994,41034.8838712218,Banca Transilvania,RO,18.63470909898905
549300TK038P6EV4YU51,2024-09-01,476.134114,2692.077059,4747.532,Akcinė bendrovė Šiaulių bankas,LT,17.68649646963913
549300TK038P6EV4YU51,2024-12-01,511.904609,2706.609359,4722.561,Akcinė bendrovė Šiaulių bankas,LT,18.91313230325677
549300TK038P6EV4YU51,2025-03-01,489.151777,2636.514776,5092.915,Akcinė bendrovė Šiaulių bankas,LT,18.552969300711403
549300TK038P6EV4YU51,2025-06-01,481.72945,2724.36582,5081.178,Akcinė bendrovė Šiaulių bankas,LT,17.68226008649602
549300TRUWO2CD2G5692,2024-09-01,45123.175523,277843.016377,803422.044,"UNICREDIT, SOCIETA' PER AZIONI",IT,16.240528954585347
549300TRUWO2CD2G5692,2024-12-01,44220.698666,277093.196708,783971.921279,"UNICREDIT, SOCIETA' PER AZIONI",IT,15.958781807479614
549300TRUWO2CD2G5692,2025-03-01,46288.221736,287020.879291,795952.497403,"UNICREDIT, SOCIETA' PER AZIONI",IT,16.127127005652454
549300TRUWO2CD2G5692,2025-06-01,46096.307198,287742.531981,816816.11412,"UNICREDIT, SOCIETA' PER AZIONI",IT,16.019983865660777
549300U4LIZV0REEQQ46,2024-09-01,5761.10554,30792.45797,65843.408,"Kutxabank, S.A.",ES,18.709469525339095
549300U4LIZV0REEQQ46,2024-12-01,5488.27056,31435.06681,65643.74,"Kutxabank, S.A.",ES,17.459070766963006
549300U4LIZV0REEQQ46,2025-03-01,5651.91574,29436.8163,66840.556,"Kutxabank, S.A.",ES,19.200159699335423
549300U4LIZV0REEQQ46,2025-06-01,5954.19195,30254.29362,67572.058,"Kutxabank, S.A.",ES,19.680485767692502
549300ZK53CNGEEI6A29,2024-09-01,24029.87643404,128108.39568287,,J.P. Morgan SE,DE,18.757456375869012
549300ZK53CNGEEI6A29,2024-12-01,25761.10768269,119755.61963222,,J.P. Morgan SE,DE,21.511397763048297
549300ZK53CNGEEI6A29,2025-03-01,25751.86336862,135469.23819258,,J.P. Morgan SE,DE,19.009380810137674
549300ZK53CNGEEI6A29,2025-06-01,25495.6329214,137670.16731059,,J.P. Morgan SE,DE,18.519359291458347
5UMCZOEYKCVFAW8ZLO05,2024-09-01,6893.352,37868.53731388,73932.308,"National Bank of Greece, S.A.",GR,18.203375384856418
5UMCZOEYKCVFAW8ZLO05,2024-12-01,6842.229,37367.92586432,75328.171,"National Bank of Greece, S.A.",GR,18.310432922725216
5UMCZOEYKCVFAW8ZLO05,2025-03-01,6929.107,37503.82922582,75514.219,"National Bank of Greece, S.A.",GR,18.475732059993398
5UMCZOEYKCVFAW8ZLO05,2025-06-01,7207.094,38074.12209899,77801.977,"National Bank of Greece, S.A.",GR,18.92911406141439
635400AKJBGNS5WNQL34,2024-09-01,9131.05859277364,61478.71522347,139510.88231639,AIB Group plc,IE,14.852390066355492
635400AKJBGNS5WNQL34,2024-12-01,9375.32047974332,62030.034692875,141260.640983599,AIB Group plc,IE,15.114162882807811
635400AKJBGNS5WNQL34,2025-03-01,9417.81100280917,55884.3352985315,144192.66603331,AIB Group plc,IE,16.852327136933212
635400AKJBGNS5WNQL34,2025-06-01,9330.01559668835,55731.0051681287,144453.7157715,AIB Group plc,IE,16.741157939896578
635400C8EK6DRI12LJ39,2024-09-01,7543.85362901228,53583.3674085768,136062.21224394,Bank of Ireland Group plc,IE,14.078722547408947
635400C8EK6DRI12LJ39,2024-12-01,8055.33727274649,55301.859367573,136297.92985313,Bank of Ireland Group plc,IE,14.566123752196743
635400C8EK6DRI12LJ39,2025-03-01,8022.48811144545,51581.9692926696,135740.01483551,Bank of Ireland Group plc,IE,15.552892263431941
635400C8EK6DRI12LJ39,2025-06-01,7969.59335216185,52152.6727520498,137266.1330237,Bank of Ireland Group plc,IE,15.281275017393261
635400L14KNHZXPUZM19,2024-09-01,1937.066854,10441.1824259999,24896.558,Bank of Cyprus Holdings Public Limited Company,CY,18.55217900586098
635400L14KNHZXPUZM19,2024-12-01,2075.48411299999,10834.088198,25472.58,Bank of Cyprus Holdings Public Limited Company,CY,19.156980034398554
635400L14KNHZXPUZM19,2025-03-01,2071.242056,10494.5704339999,25824.985,Bank of Cyprus Holdings Public Limited Company,CY,19.736320500452987
635400L14KNHZXPUZM19,2025-06-01,2124.497907,10300.363131,26050.664,Bank of Cyprus Holdings Public Limited Company,CY,20.62546611202575
6TJCK1B7E7UTXP528Y04,2024-09-01,4617.04544988502,15874.5104555646,,Citigroup Global Markets Europe AG,DE,29.084647761635864
6TJCK1B7E7UTXP528Y04,2024-12-01,4695.43135288717,14587.1875979135,,Citigroup Global Markets Europe AG,DE,32.18873632336632
6TJCK1B7E7UTXP528Y04,2025-03-01,4686.91434235311,18108.67197728,,Citigroup Global Markets Europe AG,DE,25.882153855531403
6TJCK1B7E7UTXP528Y04,2025-06-01,4679.91413582744,19208.2607326221,,Citigroup Global Markets Europe AG,DE,24.364070235049283
724500A1FNICHSDF2I11,2024-12-01,3441.94235398,17058.56455568,73691.147327,de Volksbank N.V.,NL,20.17720976900096
724500A1FNICHSDF2I11,2025-06-01,3585.54003983,17931.24787089,75684.869868,de Volksbank N.V.,NL,19.99604302861067
724500JIWG886A9RRT57,2024-09-01,1580.51521309,7918.31435467713,37342.21952445,RBS Holdings N.V.,NL,19.960248384890573
724500JIWG886A9RRT57,2024-12-01,1635.21321381,8576.65385320038,30266.90849058,RBS Holdings N.V.,NL,19.06586463437393
724500JIWG886A9RRT57,2025-03-01,1636.41946221,6312.011812,36279.8429341,RBS Holdings N.V.,NL,25.925481620597445
724500JIWG886A9RRT57,2025-06-01,1641.0949996,6535.503423,40677.18254396,RBS Holdings N.V.,NL,25.11046040959284
7437003B5WFBOIEFY714,2024-09-01,15320.62247891,71749.18496893,137284.86318213,OP Osuuskunta,FI,21.35302649855101
7437003B5WFBOIEFY714,2024-12-01,15450.64410534,71756.48774611,138648.06491287,OP Osuuskunta,FI,21.53205179162019
7437003B5WFBOIEFY714,2025-03-01,15751.76677883,77128.82359897,140051.72179722,OP Osuuskunta,FI,20.422672152671538
7437003B5WFBOIEFY714,2025-06-01,16057.61403286,77301.65192143,144757.11929724,OP Osuuskunta,FI,20.77266608633549
7CUNS533WID6K7DGFI87,2024-09-01,28382.220028,232032.410443,557362.828,"CaixaBank, S.A.",ES,12.23200671570502
7CUNS533WID6K7DGFI87,2024-12-01,29011.696025,237969.145518,552603.259,"CaixaBank, S.A.",ES,12.191368743140508
7CUNS533WID6K7DGFI87,2025-03-01,28825.060531,235374.182273,558763.739,"CaixaBank, S.A.",ES,12.246483557643165
7CUNS533WID6K7DGFI87,2025-06-01,29624.795723,241835.280629,579897.271,"CaixaBank, S.A.",ES,12.24998918517909
7LTWFZYICNSX8D621K86,2024-09-01,49182.7486668739,356495.709730232,1381826.60520944,DEUTSCHE BANK AKTIENGESELLSCHAFT,DE,13.796168459949081
7LTWFZYICNSX8D621K86,2024-12-01,49456.6563325262,357427.129887654,1389032.98741814,DEUTSCHE BANK AKTIENGESELLSCHAFT,DE,13.836850142872859
7LTWFZYICNSX8D621K86,2025-03-01,48644.7324234855,351973.08382915,1414714.15360062,DEUTSCHE BANK AKTIENGESELLSCHAFT,DE,13.820583066828473
7LTWFZYICNSX8D621K86,2025-06-01,48521.5729430161,340805.06175363,1395879.86706988,DEUTSCHE BANK AKTIENGESELLSCHAFT,DE,14.237339285204817
7LVZJ6XRIE7VNZ4UBX81,2024-09-01,3100.480911,13222.509622,41153.0897039999,BANCA MEDIOLANUM S.P.A.,IT,23.448505613800645
7LVZJ6XRIE7VNZ4UBX81,2024-12-01,3338.948726,14108.409865,41608.459189,BANCA MEDIOLANUM S.P.A.,IT,23.666371745289528
7LVZJ6XRIE7VNZ4UBX81,2025-03-01,3397.174565,15104.669158,42209.089812,BANCA MEDIOLANUM S.P.A.,IT,22.49089026356283
7LVZJ6XRIE7VNZ4UBX81,2025-06-01,3446.367994,15361.616966,40364.02581,BANCA MEDIOLANUM S.P.A.,IT,22.4349298750768
7V6Z97IO7R1SEAO84Q32,2024-09-01,1843.55354935356,10123.0306052105,29333.7871676654,SpareBank 1 SMN,NO,18.211478570504873
7V6Z97IO7R1SEAO84Q32,2024-12-01,1899.8548620568,10396.0856545994,29419.8484072064,SpareBank 1 SMN,NO,18.274713437131723
7V6Z97IO7R1SEAO84Q32,2025-06-01,1977.43868908699,10459.6129252608,30201.2639073894,SpareBank 1 SMN,NO,18.905467183315334
815600AD83B2B6317788,2024-09-01,3247.459047,20617.568455,54235.403,CREDITO EMILIANO HOLDING SOCIETA' PER AZIONI,IT,15.750931319024932
815600AD83B2B6317788,2024-12-01,3391.037028,21829.076856,58294.281,CREDITO EMILIANO HOLDING SOCIETA' PER AZIONI,IT,15.534495802867315
815600AD83B2B6317788,2025-03-01,3502.113611,22310.808671,54306.87,CREDITO EMILIANO HOLDING SOCIETA' PER AZIONI,IT,15.696937133220601
815600AD83B2B6317788,2025-06-01,3573.698839,22577.295054,54812.319,CREDITO EMILIANO HOLDING SOCIETA' PER AZIONI,IT,15.828728952925877
815600E4E6DCD2D25E30,2024-09-01,9582.582468,61886.788053,179643.713,BANCO BPM SOCIETA' PER AZIONI,IT,15.48405203998219
815600E4E6DCD2D25E30,2024-12-01,9275.3222985,61639.344609,182142.94,BANCO BPM SOCIETA' PER AZIONI,IT,15.047730240054669
815600E4E6DCD2D25E30,2025-03-01,10379.973414,65138.429447,191573.361,BANCO BPM SOCIETA' PER AZIONI,IT,15.935252817917084
815600E4E6DCD2D25E30,2025-06-01,9098.563274,64279.766407,194217.112,BANCO BPM SOCIETA' PER AZIONI,IT,14.154630271041519
851WYGNLUQLFZBSYGB56,2024-09-01,25316.00168812,170864.98858961,582884.16222526,COMMERZBANK Aktiengesellschaft,DE,14.816377478551168
851WYGNLUQLFZBSYGB56,2024-12-01,26211.94276909,173377.81649066,571993.95686035,COMMERZBANK Aktiengesellschaft,DE,15.118394786395328
851WYGNLUQLFZBSYGB56,2025-03-01,26271.66726829,174268.99736079,591050.3159664,COMMERZBANK Aktiengesellschaft,DE,15.07535342841253
851WYGNLUQLFZBSYGB56,2025-06-01,25641.98985626,176124.48555388,599092.10201461,COMMERZBANK Aktiengesellschaft,DE,14.559014764824168
8IBZUGJ7JPLH368JE346,2024-09-01,12707.9273448836,42863.8735882683,,Goldman Sachs Bank Europe SE,DE,29.64717437101092
8IBZUGJ7JPLH368JE346,2024-12-01,12660.008158654,41602.8397439014,,Goldman Sachs Bank Europe SE,DE,30.430634631160824
8IBZUGJ7JPLH368JE346,2025-03-01,12672.1115722147,55950.7593659809,,Goldman Sachs Bank Europe SE,DE,22.64868558677611
8IBZUGJ7JPLH368JE346,2025-06-01,13351.0308673894,56582.8042149181,,Goldman Sachs Bank Europe SE,DE,23.59556238442737
95980020140005881190,2024-09-01,3620.400229,26086.645568,61139.389661,Banco de Crédito Social Cooperativo,ES,13.878366306479348
95980020140005881190,2024-12-01,3735.19182,27016.642075,62203.764653,Banco de Crédito Social Cooperativo,ES,13.825522097197936
95980020140005881190,2025-03-01,3821.132032,26817.929041,63019.624138,Banco de Crédito Social Cooperativo,ES,14.24842323267448
95980020140005881190,2025-06-01,3917.673297,27794.865506,64539.953014,Banco de Crédito Social Cooperativo,ES,14.09495324290849
96950001WI712W7PQG45,2024-09-01,5682.35495163,40223.17017564,69963.79835,RCI Banque,FR,14.127068868060913
96950001WI712W7PQG45,2024-12-01,6022.1893887,43125.53426096,73101.035393,RCI Banque,FR,13.964324133954376
96950001WI712W7PQG45,2025-03-01,5934.5722575,45420.32050583,71936.965281,RCI Banque,FR,13.065896918843315
96950001WI712W7PQG45,2025-06-01,6131.32205473999,48168.01283616,73168.971887,RCI Banque,FR,12.729032595957895
9695000CG7B84NLR5984,2024-09-01,68600.20116478,368291.08974245,984470.646243,Confédération Nationale du Crédit Mutuel,FR,18.626625263389585
9695000CG7B84NLR5984,2024-12-01,72510.3213635799,374447.53404513,992300.589477,Confédération Nationale du Crédit Mutuel,FR,19.364614470886234
9695000CG7B84NLR5984,2025-03-01,72776.70149897,361596.77931186,985208.835622,Confédération Nationale du Crédit Mutuel,FR,20.126479455228655
9695000CG7B84NLR5984,2025-06-01,72919.85833372,369018.98156988,988217.604762,Confédération Nationale du Crédit Mutuel,FR,19.76046273378796
96950066U5XAAIRCPA78,2024-09-01,16827.55725816,92538.83781732,316581.8634452,La Banque Postale,FR,18.184318773679774
96950066U5XAAIRCPA78,2024-12-01,16705.55586472,93922.33052493,321325.7924452,La Banque Postale,FR,17.786564463800023
96950066U5XAAIRCPA78,2025-03-01,16757.86197953,96705.85211852,314463.2824452,La Banque Postale,FR,17.32869481258697
96950066U5XAAIRCPA78,2025-06-01,17516.14696096,96061.17637745,317493.2204452,La Banque Postale,FR,18.234366495923787
969500STN7T9MRUMJ267,2024-09-01,23127.16102853,85034.50704376,101833.714032,Bpifrance,FR,27.197383547632526
969500STN7T9MRUMJ267,2024-12-01,23571.49231133,86166.18377405,102934.113409,Bpifrance,FR,27.35585037993622
969500STN7T9MRUMJ267,2025-03-01,23755.21175491,93245.7098342,103110.541683,Bpifrance,FR,25.47592998878886
969500STN7T9MRUMJ267,2025-06-01,23635.31676779,94430.28252839,103166.698368,Bpifrance,FR,25.02938266724359
9CZ7TVMR36CYD5TZBS50,2024-09-01,1465.03454416,11688.57765053,32130.35627984,Banque Internationale à Luxembourg,LU,12.533899230190512
9CZ7TVMR36CYD5TZBS50,2024-12-01,1561.75854581,10970.03844459,30743.98416042,Banque Internationale à Luxembourg,LU,14.236582248079532
9CZ7TVMR36CYD5TZBS50,2025-03-01,1554.63594822999,10911.50492745,30143.54505972,Banque Internationale à Luxembourg,LU,14.247676728065281
9CZ7TVMR36CYD5TZBS50,2025-06-01,1523.22203304999,10986.9376089,30115.98828611,Banque Internationale à Luxembourg,LU,13.863936314848093
9ZHRYM6F437SQJ6OUG95,2024-09-01,16654.34482568,97737.0273876,205472.31101774,Raiffeisen Bank International AG,AT,17.039954325225317
9ZHRYM6F437SQJ6OUG95,2024-12-01,16334.13039097,95599.96486271,199367.60204603,Raiffeisen Bank International AG,AT,17.08591673064656
9ZHRYM6F437SQJ6OUG95,2025-03-01,17425.05019018,95034.92844405,204340.14075548,Raiffeisen Bank International AG,AT,18.335416751998363
9ZHRYM6F437SQJ6OUG95,2025-06-01,17467.72398268,96100.20954041,203049.45870059,Raiffeisen Bank International AG,AT,18.176572211671242
A5GWLFH3KM7YV2SFQL84,2024-09-01,11480.3353933299,73993.74518729,171848.215263,Belfius Bank,BE,15.515278168811886
A5GWLFH3KM7YV2SFQL84,2024-12-01,11559.7764076,75152.21820152,170833.238228,Belfius Bank,BE,15.381816643924687
A5GWLFH3KM7YV2SFQL84,2025-03-01,11266.90396529,70969.01372812,171407.208182,Belfius Bank,BE,15.875807445279069
A5GWLFH3KM7YV2SFQL84,2025-06-01,11385.1206807799,70577.46201152,170146.657292,Belfius Bank,BE,16.1313829603586
AT0000000000043000VB,2024-09-01,2330.71765679999,15791.77329668,31296.39060285,VOLKSBANK WIEN AG VB,AT,14.759062285234242
AT0000000000043000VB,2024-12-01,2408.19560961,15577.27623487,32065.49289366,VOLKSBANK WIEN AG VB,AT,15.459670697879854
AT0000000000043000VB,2025-03-01,2362.98682142,16504.89597246,32179.42260223,VOLKSBANK WIEN AG VB,AT,14.316884064963936
AT0000000000043000VB,2025-06-01,2352.52646844,16026.36211811,32596.99973261,VOLKSBANK WIEN AG VB,AT,14.67910465957595
B81CK4ESI35472RHJ606,2024-09-01,13797.58299501,95528.86030991,373051.78337373,Landesbank Baden-Württemberg,DE,14.443366067854848
B81CK4ESI35472RHJ606,2024-12-01,14198.66612358,97318.17147178,352965.44903906,Landesbank Baden-Württemberg,DE,14.5899433875998
B81CK4ESI35472RHJ606,2025-03-01,14197.38578667,85585.70913212,385138.05923277,Landesbank Baden-Württemberg,DE,16.588500499251893
B81CK4ESI35472RHJ606,2025-06-01,14266.08907382,85693.56271762,366481.86634518,Landesbank Baden-Württemberg,DE,16.647795495246292
BFXS5XCH7N0Y05NIXW11,2024-09-01,19915.31395387,143822.47462487,404162.208762,ABN AMRO Bank N.V.,NL,13.847150110450274
BFXS5XCH7N0Y05NIXW11,2024-12-01,20356.62275097,140870.64275445,385450.271851,ABN AMRO Bank N.V.,NL,14.450578454769596
BFXS5XCH7N0Y05NIXW11,2025-03-01,20416.3503628921,141710.2963729,408544.721641,ABN AMRO Bank N.V.,NL,14.407104413336352
BFXS5XCH7N0Y05NIXW11,2025-06-01,20321.29938253,139789.47648388,414295.121539,ABN AMRO Bank N.V.,NL,14.537073815333573
DG3RU1DBUFHT4ZF9WN62,2024-09-01,42541.98926744,260844.25675457,,Coöperatieve Rabobank U.A.2,NL,16.309344816231867
DG3RU1DBUFHT4ZF9WN62,2024-12-01,44163.69733013,261451.85123728,629252.516271,Coöperatieve Rabobank U.A.2,NL,16.891713377102594
DG3RU1DBUFHT4ZF9WN62,2025-03-01,44176.64836102,239294.46698561,,Coöperatieve Rabobank U.A.2,NL,18.461207614832386
DG3RU1DBUFHT4ZF9WN62,2025-06-01,46027.46908114,231575.83935569,635865.206173,Coöperatieve Rabobank U.A.2,NL,19.875764764235136
DIZES5CFO5K3I5R58746,2024-09-01,8542.19270966999,62174.22275155,201180.0802553,Landesbank Hessen-Thüringen Girozentrale,DE,13.739122632549568
DIZES5CFO5K3I5R58746,2024-12-01,8824.81488465,62349.99276984,197590.43356773,Landesbank Hessen-Thüringen Girozentrale,DE,14.15367427102373
DIZES5CFO5K3I5R58746,2025-03-01,9042.14204785,56434.3143651,201016.08286,Landesbank Hessen-Thüringen Girozentrale,DE,16.02241854016716
DIZES5CFO5K3I5R58746,2025-06-01,9214.31823277,56501.33325927,199986.557141,Landesbank Hessen-Thüringen Girozentrale,DE,16.30814301405575
DSNHHQ2B9X5N6OUJ1236,2024-09-01,6552.16158212,41892.29812816,114057.03872549,Norddeutsche Landesbank - Girozentrale -,DE,15.640492106866866
DSNHHQ2B9X5N6OUJ1236,2024-12-01,7016.8284906,42836.26543151,115360.00094832,Norddeutsche Landesbank - Girozentrale -,DE,16.38057944574804
DSNHHQ2B9X5N6OUJ1236,2025-03-01,7106.78898636,37059.72678797,119892.83347034,Norddeutsche Landesbank - Girozentrale -,DE,19.176582242551618
DSNHHQ2B9X5N6OUJ1236,2025-06-01,6921.0722716,38411.60328301,120837.12826458,Norddeutsche Landesbank - Girozentrale -,DE,18.0181811745965
DZZ47B9A52ZJ6LT6VV95,2024-09-01,2955.16818737,20435.98543003,45193.347734,Deutsche Pfandbriefbank AG,DE,14.460610169683713
DZZ47B9A52ZJ6LT6VV95,2024-12-01,2973.56920861,20630.0902062,44168.93742,Deutsche Pfandbriefbank AG,DE,14.413747971476864
DZZ47B9A52ZJ6LT6VV95,2025-03-01,2780.01883514,17699.19354048,42300.848218,Deutsche Pfandbriefbank AG,DE,15.70703675724994
DZZ47B9A52ZJ6LT6VV95,2025-06-01,2700.67223739999,17667.70558578,42356.24117,Deutsche Pfandbriefbank AG,DE,15.285925069827112
EQYXK86SF381Q21S3020,2024-09-01,12458.1933897656,58145.3367522932,,Bank of America Europe Designated Activity Company,IE,21.42595448855881
EQYXK86SF381Q21S3020,2024-12-01,14919.3241313612,59129.0073743227,,Bank of America Europe Designated Activity Company,IE,25.231819023973756
EQYXK86SF381Q21S3020,2025-03-01,14359.3973644812,56691.2833630155,,Bank of America Europe Designated Activity Company,IE,25.3291097196241
EQYXK86SF381Q21S3020,2025-06-01,13321.2905898184,55534.292618659,,Bank of America Europe Designated Activity Company,IE,23.987503867731938
EV2XZWMLLXF2QRX0CD47,2024-09-01,1037.49353274336,576.266215309734,58372.61324,Kommuninvest - Grupp,SE,180.03719551487563
EV2XZWMLLXF2QRX0CD47,2024-12-01,1033.27062483637,298.711644820665,53522.7494779649,Kommuninvest - Grupp,SE,345.90905401652685
EV2XZWMLLXF2QRX0CD47,2025-03-01,1096.06778339017,312.53546234676,60037.9566133284,Kommuninvest - Grupp,SE,350.7018932059863
EV2XZWMLLXF2QRX0CD47,2025-06-01,1066.08940151617,302.298752343785,59929.1849992374,Kommuninvest - Grupp,SE,352.66086718868587
F0HUI1NY1AZMJMD8LP67,2024-09-01,9624.86701530213,63826.08215,241617.296,HSBC Continental Europe,FR,15.079833652772825
F0HUI1NY1AZMJMD8LP67,2024-12-01,11916.122824407,63296.678694,242274.653,HSBC Continental Europe,FR,18.82582636288711
F0HUI1NY1AZMJMD8LP67,2025-03-01,10532.13772821,67312.45015253,251173.103,HSBC Continental Europe,FR,15.646641452426971
F0HUI1NY1AZMJMD8LP67,2025-06-01,10461.29163206,67610.08248687,257233.543,HSBC Continental Europe,FR,15.472975697214395
F3JS33DEI6XQ4ZBPTN86,2024-09-01,15817.4162064601,81736.7964942477,324562.689114867,Skandinaviska Enskilda Banken - gruppen,SE,19.351646852924148
F3JS33DEI6XQ4ZBPTN86,2024-12-01,14562.0611236582,82717.5522666026,285630.175627454,Skandinaviska Enskilda Banken - gruppen,SE,17.60456000526223
F3JS33DEI6XQ4ZBPTN86,2025-03-01,15683.9080104157,89428.9636771131,334444.919295879,Skandinaviska Enskilda Banken - gruppen,SE,17.537839381705332
F3JS33DEI6XQ4ZBPTN86,2025-06-01,15684.4582140582,88816.7927468712,325811.513433992,Skandinaviska Enskilda Banken - gruppen,SE,17.659338655426428
FR9695005MSX1OYEMGDF,2024-09-01,72359.135793,446183.96831,1446667.190605,Groupe BPCE,FR,16.217332072031386
FR9695005MSX1OYEMGDF,2024-12-01,73846.986592,456591.228396,1461241.440268,Groupe BPCE,FR,16.173544737471996
FR9695005MSX1OYEMGDF,2025-03-01,73222.59196,451453.070433,1473960.074042,Groupe BPCE,FR,16.219314200204767
FR9695005MSX1OYEMGDF,2025-06-01,73708.720199,451854.407158,1486359.288298,Groupe BPCE,FR,16.312493367631635
FR969500TJ5KRTCJQWXH,2024-09-01,108492.87370063,635856.02167159,2116591.43720754,Groupe Crédit Agricole,FR,17.06249056436001
FR969500TJ5KRTCJQWXH,2024-12-01,112201.65365178,653368.35151732,2186407.98917075,Groupe Crédit Agricole,FR,17.172802048218838
FR969500TJ5KRTCJQWXH,2025-03-01,111253.13491546,640578.25158397,2165284.63249635,Groupe Crédit Agricole,FR,17.36761038020917
FR969500TJ5KRTCJQWXH,2025-06-01,114107.248902859,649013.18230942,2187749.11120205,Groupe Crédit Agricole,FR,17.58165350306519
H0YX5LBGKDVOWCXBZ594,2024-09-01,1875.48145778761,15175.761798584,58745.2422369026,SBAB Bank AB - Grupp,SE,12.358400735853701
H0YX5LBGKDVOWCXBZ594,2024-12-01,1868.99046356575,14738.527839602,57585.0726014486,SBAB Bank AB - Grupp,SE,12.680984721851434
H0YX5LBGKDVOWCXBZ594,2025-03-01,2013.88890211079,13942.9023768089,64015.2062788275,SBAB Bank AB - Grupp,SE,14.443828463293789
H0YX5LBGKDVOWCXBZ594,2025-06-01,1981.78526802135,13648.7069301574,60445.5843134616,SBAB Bank AB - Grupp,SE,14.519948872537597
J48C8PCSJVUBR8KCW529,2024-09-01,3715.302386,22545.69446,54371.56832,BANCA POPOLARE DI SONDRIO SOCIETA' PER AZIONI,IT,16.4789884498417
J48C8PCSJVUBR8KCW529,2024-12-01,3681.296256,23925.01647,56620.4532,BANCA POPOLARE DI SONDRIO SOCIETA' PER AZIONI,IT,15.386807614598897
J48C8PCSJVUBR8KCW529,2025-03-01,3656.477126,25613.395239,55861.349717,BANCA POPOLARE DI SONDRIO SOCIETA' PER AZIONI,IT,14.275644020955482
J48C8PCSJVUBR8KCW529,2025-06-01,3961.858793,26461.108371,56571.210957,BANCA POPOLARE DI SONDRIO SOCIETA' PER AZIONI,IT,14.972384139970462
J4CP7MHCXR8DAQMKIL78,2024-09-01,8725.392169,48282.9175108098,122489.729178,Banca Monte dei Paschi di Siena S.p.A.,IT,18.071385531014194
J4CP7MHCXR8DAQMKIL78,2024-12-01,8847.43985999999,48390.215327,122612.196702,Banca Monte dei Paschi di Siena S.p.A.,IT,18.283530668778482
J4CP7MHCXR8DAQMKIL78,2025-03-01,8908.215334,45180.3322982315,124590.120821,Banca Monte dei Paschi di Siena S.p.A.,IT,19.717020395506687
J4CP7MHCXR8DAQMKIL78,2025-06-01,8996.382098,45864.03005,125584.369564,Banca Monte dei Paschi di Siena S.p.A.,IT,19.615332730665695
JEUVK5RWVJEN8W0C9M24,2024-09-01,7813.44114760908,48235.2752738072,99473.271205,Eurobank Ergasias Services and Holdings S.A.,GR,16.198603829367897
JEUVK5RWVJEN8W0C9M24,2024-12-01,7717.74274084548,49977.2430467855,101048.939451,Eurobank Ergasias Services and Holdings S.A.,GR,15.44251397305094
JEUVK5RWVJEN8W0C9M24,2025-03-01,7691.74025876,51471.38089782,100312.694711,Eurobank Ergasias Services and Holdings S.A.,GR,14.943722364918663
JEUVK5RWVJEN8W0C9M24,2025-06-01,7932.0195981,51720.40921333,101507.349952,Eurobank Ergasias Services and Holdings S.A.,GR,15.33634346430435
JLP5FSPH9WPSHY3NIM24,2024-12-01,1978.527875,5549.766506,,Nederlandse Waterschapsbank N.V.,NL,35.65065075910781
JLP5FSPH9WPSHY3NIM24,2025-06-01,2022.953237,5737.861715,,Nederlandse Waterschapsbank N.V.,NL,35.2562215243279
JU1U6S0DG9YLT7N8ZV32,2024-09-01,6434.12469462,39717.56397389,100252.08124625,"Banco Comercial Português, SA",PT,16.199696181895096
JU1U6S0DG9YLT7N8ZV32,2024-12-01,6563.23903236,40128.01030109,102173.04470948,"Banco Comercial Português, SA",PT,16.355754952997813
JU1U6S0DG9YLT7N8ZV32,2025-03-01,6506.08821614,40736.5190361,104322.47704899,"Banco Comercial Português, SA",PT,15.971144246209201
JU1U6S0DG9YLT7N8ZV32,2025-06-01,6685.36335345,40822.84655193,105492.94671251,"Banco Comercial Português, SA",PT,16.37652422142016
K8MS7FD7N5Z2WQ51AZ71,2024-09-01,48715.049,379520.216,742070.372,"Banco Bilbao Vizcaya Argentaria, S.A.",ES,12.835956280126062
K8MS7FD7N5Z2WQ51AZ71,2024-12-01,50799.012,394467.923,744098.156,"Banco Bilbao Vizcaya Argentaria, S.A.",ES,12.877856230657315
K8MS7FD7N5Z2WQ51AZ71,2025-03-01,51745.4219999999,395352.048,743539.659,"Banco Bilbao Vizcaya Argentaria, S.A.",ES,13.08844162102327
K8MS7FD7N5Z2WQ51AZ71,2025-06-01,51633.607,387050.686,746954.769,"Banco Bilbao Vizcaya Argentaria, S.A.",ES,13.340270116457049
LIU16F6VZJSD6UKHD557,2024-09-01,12132.0356788385,60888.0956679144,233287.609900576,Nykredit Realkredit A/S,DK,19.92513568663242
LIU16F6VZJSD6UKHD557,2024-12-01,13071.6701269328,63637.4233699227,238085.23050798,Nykredit Realkredit A/S,DK,20.54085384781769
LIU16F6VZJSD6UKHD557,2025-03-01,13168.1393002908,63320.2390387211,241311.762177725,Nykredit Realkredit A/S,DK,20.796098530579336
LIU16F6VZJSD6UKHD557,2025-06-01,12010.8337677746,69180.8662079079,261751.072683232,Nykredit Realkredit A/S,DK,17.361496648045254
LOO0AWXR8GF142JCO404,2024-09-01,8588.213931,32875.869164,88010.27502,CASSA CENTRALE BANCA,IT,26.123154001368075
LOO0AWXR8GF142JCO404,2024-12-01,9087.352518,33887.251995,87050.784581,CASSA CENTRALE BANCA,IT,26.816433859378215
LOO0AWXR8GF142JCO404,2025-03-01,9011.287055,32565.784529,89210.619126,CASSA CENTRALE BANCA,IT,27.671027077438907
LOO0AWXR8GF142JCO404,2025-06-01,9018.816293,33033.73875,90728.178918,CASSA CENTRALE BANCA,IT,27.301833320335263
M312WZV08Y7LYUC71685,2024-09-01,15470.4245132743,75913.8684115044,241310.937522123,Swedbank - Grupp,SE,20.37891736647401
M312WZV08Y7LYUC71685,2024-12-01,15064.1493149489,76088.8584924513,226125.305436774,Swedbank - Grupp,SE,19.7981013428443
M312WZV08Y7LYUC71685,2025-03-01,15931.7336160014,80811.2135339662,249373.164807816,Swedbank - Grupp,SE,19.71475605833471
M312WZV08Y7LYUC71685,2025-06-01,15707.2760059211,79714.7241098102,243394.191181088,Swedbank - Grupp,SE,19.704359741976532
M6AD1Y1KW32H8THQ6F76,2024-09-01,4944.402749,33708.6767389465,78790.43294,Piraeus Financial Holdings,GR,14.668041665626438
M6AD1Y1KW32H8THQ6F76,2024-12-01,4935.617174,34098.476137524,80044.103051,Piraeus Financial Holdings,GR,14.474597498415925
M6AD1Y1KW32H8THQ6F76,2025-03-01,5086.417916,35806.9710935089,78820.243425,Piraeus Financial Holdings,GR,14.20510520903028
M6AD1Y1KW32H8THQ6F76,2025-06-01,5124.955764,36118.554226202,81249.260154,Piraeus Financial Holdings,GR,14.189260544327464
MAES062Z21O4RZ2U7M96,2024-09-01,21419.5226774704,112109.341110847,431925.261748454,Danske Bank A/S,DK,19.10592147383335
MAES062Z21O4RZ2U7M96,2024-12-01,19471.770616478,109242.104535857,425547.216514122,Danske Bank A/S,DK,17.824419164395263
MAES062Z21O4RZ2U7M96,2025-03-01,19884.7773932692,107853.283378668,433756.096708647,Danske Bank A/S,DK,18.436877181990507
MAES062Z21O4RZ2U7M96,2025-06-01,20171.7782022785,108030.950882405,429188.905804365,Danske Bank A/S,DK,18.672221282432382
MMYX0N4ZEZ13Z4XCG897,2024-09-01,4073.58423619412,5118.77021706207,,THE BANK OF NEW YORK MELLON,BE,79.581306904848
MMYX0N4ZEZ13Z4XCG897,2024-12-01,4460.11390938557,5810.31077226042,,THE BANK OF NEW YORK MELLON,BE,76.76205428940293
MMYX0N4ZEZ13Z4XCG897,2025-03-01,4496.67028484043,5825.47175549393,,THE BANK OF NEW YORK MELLON,BE,77.18980493896784
MMYX0N4ZEZ13Z4XCG897,2025-06-01,4543.48054084996,6104.8233629893,,THE BANK OF NEW YORK MELLON,BE,74.42443901644992
N1FBEDJ5J41VKZLO2475,2024-09-01,16616.3981735108,70604.8770087509,157807.09079051,Citibank Europe plc,IE,23.534349010269263
N1FBEDJ5J41VKZLO2475,2024-12-01,16518.5357524339,81084.0807555221,171934.66258129,Citibank Europe plc,IE,20.372107075172007
N1FBEDJ5J41VKZLO2475,2025-03-01,15778.7786920191,79253.1238554524,200138.4841509,Citibank Europe plc,IE,19.909346060349094
N1FBEDJ5J41VKZLO2475,2025-06-01,14449.6451132967,78461.7839867375,199586.47853389,Citibank Europe plc,IE,18.41615673145941
N747OI7JINV7RUUH6190,2024-09-01,8400.601555,53240.963289,139935.500828,BPER Banca S.p.A.,IT,15.778455227040622
N747OI7JINV7RUUH6190,2024-12-01,8578.930149,54227.812192,140591.432408,BPER Banca S.p.A.,IT,15.820166446371248
N747OI7JINV7RUUH6190,2025-03-01,8835.377158,55870.763373,141956.502092,BPER Banca S.p.A.,IT,15.81395460630088
N747OI7JINV7RUUH6190,2025-06-01,9017.502358,55597.209228,144528.170147,BPER Banca S.p.A.,IT,16.21934353039178
NHBDILHZTYCNBV5UYZ31,2024-09-01,14020.6032860176,74538.0291652212,306353.322144859,Svenska Handelsbanken - gruppen,SE,18.81000000005298
NHBDILHZTYCNBV5UYZ31,2024-12-01,13556.5690054105,72035.687431713,283897.835416269,Svenska Handelsbanken - gruppen,SE,18.819240141577872
NHBDILHZTYCNBV5UYZ31,2025-03-01,13653.4480508332,74405.7114451341,316038.680195177,Svenska Handelsbanken - gruppen,SE,18.350000000875056
NHBDILHZTYCNBV5UYZ31,2025-06-01,13315.6554348934,72525.3563947992,302582.926015733,Svenska Handelsbanken - gruppen,SE,18.360000001114464
NNVPP80YIZGEY2314M97,2024-09-01,15194.232611,64227.432911,164645.495591,ICCREA BANCA S.P.A.,IT,23.65692029456425
NNVPP80YIZGEY2314M97,2024-12-01,15480.553731,66380.298979,164611.913285999,ICCREA BANCA S.P.A.,IT,23.32100633637913
NNVPP80YIZGEY2314M97,2025-03-01,16019.559967,64332.225793,163537.967441,ICCREA BANCA S.P.A.,IT,24.901299107146844
NNVPP80YIZGEY2314M97,2025-06-01,16458.339199,65026.686225,165725.373689,ICCREA BANCA S.P.A.,IT,25.310130585544844
O2RNE8IBXP4R0TD8PU41,2024-09-01,50874.74453641,392339.25074991,1410483.10060075,Société générale S.A.,FR,12.967029028874617
O2RNE8IBXP4R0TD8PU41,2024-12-01,51763.91048107,389503.28591862,1407366.99197828,Société générale S.A.,FR,13.289723694881788
O2RNE8IBXP4R0TD8PU41,2025-03-01,51890.08236811,393071.78595763,1385725.89948874,Société générale S.A.,FR,13.201171954301326
O2RNE8IBXP4R0TD8PU41,2025-06-01,52535.84499338,388029.41100513,1380480.01686054,Société générale S.A.,FR,13.539139947483376
P4GTT6GF1W40CVIMFR43,2024-09-01,10324.7709561091,57430.3110161727,117687.980143731,Powszechna Kasa Oszczednosci Bank Polski S.A.,PL,17.97791231393747
P4GTT6GF1W40CVIMFR43,2024-12-01,10547.1516502923,59129.1804984795,122193.597327017,Powszechna Kasa Oszczednosci Bank Polski S.A.,PL,17.83747307399858
P4GTT6GF1W40CVIMFR43,2025-03-01,10380.8329115678,64359.0819443116,126364.739903202,Powszechna Kasa Oszczednosci Bank Polski S.A.,PL,16.129554055090612
P4GTT6GF1W40CVIMFR43,2025-06-01,10776.1776548098,64197.0831659713,128385.317776206,Powszechna Kasa Oszczednosci Bank Polski S.A.,PL,16.786086101372728
PSNL19R2RXX5U3QWHI44,2024-09-01,7181.600171,47242.034904,98038.622064,Mediobanca - Banca di Credito Finanziario S.p.A.,IT,15.201716406995693
PSNL19R2RXX5U3QWHI44,2024-12-01,6982.000475,47315.05617,99793.704127,Mediobanca - Banca di Credito Finanziario S.p.A.,IT,14.756403225886732
PSNL19R2RXX5U3QWHI44,2025-03-01,6811.361175,45994.454508,100653.541459,Mediobanca - Banca di Credito Finanziario S.p.A.,IT,14.809092200050491
PSNL19R2RXX5U3QWHI44,2025-06-01,6937.160918,46091.580453,103838.14001,Mediobanca - Banca di Credito Finanziario S.p.A.,IT,15.050820236190173
R0MUWSFPU8MPRO8K5P83,2024-09-01,95200.300049,759444.985890071,2492530.245818,BNP Paribas,FR,12.535509723252048
R0MUWSFPU8MPRO8K5P83,2024-12-01,98128.165145,762246.99458475,2432822.788029,BNP Paribas,FR,12.873539133920413
R0MUWSFPU8MPRO8K5P83,2025-03-01,97129.429402,783440.3610502,2524032.905539,BNP Paribas,FR,12.397807699337601
R0MUWSFPU8MPRO8K5P83,2025-06-01,98280.564429,788849.55543735,2573933.922967,BNP Paribas,FR,12.458720899514459
R7CQUF1DQM73HUTV1078,2024-09-01,5120.77833584,22063.37540244,,"Banque et Caisse d´Epargne de l´Etat, Luxembourg",LU,23.20940582497495
R7CQUF1DQM73HUTV1078,2024-12-01,5366.99122849,23381.63669586,,"Banque et Caisse d´Epargne de l´Etat, Luxembourg",LU,22.95387315397083
R7CQUF1DQM73HUTV1078,2025-03-01,5687.61926174,20887.12269895,,"Banque et Caisse d´Epargne de l´Etat, Luxembourg",LU,27.230266914771935
R7CQUF1DQM73HUTV1078,2025-06-01,5791.1056797,21140.94085858,,"Banque et Caisse d´Epargne de l´Etat, Luxembourg",LU,27.392847453852525
SI5RG2M0WQQLZCXKRM20,2024-09-01,10802.3193,79839.31763,245507.155,"Banco de Sabadell, S.A.",ES,13.530074680824896
SI5RG2M0WQQLZCXKRM20,2024-12-01,10485.79551,80484.73842,239601.511,"Banco de Sabadell, S.A.",ES,13.028302900459373
SI5RG2M0WQQLZCXKRM20,2025-03-01,10385.00032,79523.825365,249188.288,"Banco de Sabadell, S.A.",ES,13.05897983696675
SI5RG2M0WQQLZCXKRM20,2025-06-01,10348.4152399999,79239.029961,252376.61,"Banco de Sabadell, S.A.",ES,13.059744983114005
TO822O0VT80V06K0FH57,2024-09-01,9171.75505408,44987.17351427,104072.440464,"Caixa Geral de Depósitos, S.A.",PT,20.387489005439974
TO822O0VT80V06K0FH57,2024-12-01,9655.48720741,47660.84004896,106194.781721,"Caixa Geral de Depósitos, S.A.",PT,20.25874323132223
TO822O0VT80V06K0FH57,2025-03-01,9781.35976331,47164.6192542399,107229.750686,"Caixa Geral de Depósitos, S.A.",PT,20.738765451669998
TO822O0VT80V06K0FH57,2025-06-01,9916.02441399,47437.48327196,106244.312257,"Caixa Geral de Depósitos, S.A.",PT,20.90335264445047
TUKDD90GPC79G1KOE162,2024-09-01,3274.19283978,18495.90794369,32133.97590404,Hamburg Commercial Bank AG,DE,17.702255275859613
TUKDD90GPC79G1KOE162,2024-12-01,3152.11537472,18213.31373613,33616.49076823,Hamburg Commercial Bank AG,DE,17.30665501284978
TUKDD90GPC79G1KOE162,2025-03-01,3184.32006158,15817.20743037,31765.57565868,Hamburg Commercial Bank AG,DE,20.131999125622592
TUKDD90GPC79G1KOE162,2025-06-01,3264.5990581,14739.32875275,30786.43044431,Hamburg Commercial Bank AG,DE,22.14889913145404
VDYMYTQGZZ6DU0912C88,2024-09-01,12640.99599489,67599.68857034,281178.47485238,Bayerische Landesbank,DE,18.699784366220225
VDYMYTQGZZ6DU0912C88,2024-12-01,13089.48726535,69961.83299155,267538.046224649,Bayerische Landesbank,DE,18.70946872837215
VDYMYTQGZZ6DU0912C88,2025-03-01,13076.36880917,62226.63531347,286561.97053827,Bayerische Landesbank,DE,21.014102310525217
VDYMYTQGZZ6DU0912C88,2025-06-01,12991.21096701,63504.29128668,282416.56597908,Bayerische Landesbank,DE,20.457217463247087
VWMYAEQSTOPNV0SUGU82,2024-09-01,5132.334525,40857.456534,118386.853168,"Bankinter, S.A.",ES,12.561561488119235
VWMYAEQSTOPNV0SUGU82,2024-12-01,5272.237013,42475.607625,122010.796038,"Bankinter, S.A.",ES,12.412387503779707
VWMYAEQSTOPNV0SUGU82,2025-03-01,5367.588249,43459.936709,123891.783858,"Bankinter, S.A.",ES,12.350658227922455
VWMYAEQSTOPNV0SUGU82,2025-06-01,5528.295016,43965.31478,131772.988097,"Bankinter, S.A.",ES,12.57421911719109
